{"count":1,"self":186.5052288,"total":189.15546999999998,"children":{"InitializeActuators":{"count":1,"self":0.0029982999999999998,"total":0.0029982999999999998,"children":null},"InitializeSensors":{"count":1,"self":0.0029982999999999998,"total":0.0029982999999999998,"children":null},"AgentSendState":{"count":9112,"self":0.019983499999999998,"total":0.1398864,"children":{"CollectObservations":{"count":1823,"self":0.09491999999999999,"total":0.09491999999999999,"children":null},"WriteActionMask":{"count":1823,"self":0.0029990999999999998,"total":0.0029990999999999998,"children":null},"RequestDecision":{"count":1823,"self":0.021983799999999998,"total":0.021983799999999998,"children":null}}},"DecideAction":{"count":9112,"self":2.4325608,"total":2.4325608,"children":null},"AgentAct":{"count":9112,"self":0.071800599999999992,"total":0.071800599999999992,"children":null}},"gauges":{"ArcadeDriver.CumulativeReward":{"count":881,"max":7.83815956,"min":-14.1231689,"runningAverage":-4.435547,"value":-2.01808143,"weightedAverage":-5.44348764}},"metadata":{"timer_format_version":"0.1.0","start_time_seconds":"1652082349","unity_version":"2021.3.0f1","command_line_arguments":"C:\\Program Files\\Unity\\Hub\\Editor\\2021.3.0f1\\Editor\\Unity.exe -projectpath D:\\DatDiep\\Repository\\Karting-Microgame\\Karting Microgame -useHub -hubIPC -cloudEnvironment production -licensingIpc LicenseClient-USER -hubSessionId c1d5adc0-cf37-11ec-983a-030b9760f291 -accessToken Lp772N-CFeNKGxDLuF21HdABzcPJ9pXvpxUHRfieOyI011f","communication_protocol_version":"1.5.0","com.unity.ml-agents_version":"2.0.1","scene_name":"Level 2","end_time_seconds":"1652082538"}}